,caption
0,"Ğ‘ÑƒÑ‚Ğ¸ Ğ²Ñ–Ğ»ÑŒĞ½Ğ¸Ğ¼ - Ñ†Ğµ Ñ€Ğ¾Ğ±Ğ¸Ñ‚Ğ¸ Ñ‚Ğµ, Ñ‰Ğ¾ Ñ…Ğ¾Ñ‡ĞµÑˆ, 
Ğ±ÑƒÑ‚Ğ¸ Ñ‚Ğ°Ğ¼, Ğ´Ğµ Ñ…Ğ¾Ñ‡ĞµÑˆ
ĞœĞµĞ½Ğµ Ğ²Ñ€Ğ°Ğ¶Ğ°Ñ” ÑƒĞ·Ğ±ĞµÑ€ĞµĞ¶Ğ¶Ñ Ğ¾ĞºĞµĞ°Ğ½Ñƒ - 
Ğ½Ğ°Ğ²ĞºĞ¾Ğ»Ğ¾ Ğ²ÑƒĞ»ĞºĞ°Ğ½Ñ–Ñ‡Ğ½Ğµ ĞºĞ°Ğ¼Ñ–Ğ½Ğ½Ñ ğŸ˜¯ğŸ–¤

Ğ Ğ²Ğ¸ Ğ¿Ğ¾Ğ±Ğ°Ñ‡Ğ¸Ğ»Ğ¸, Ñ‰Ğ¾, Ğ¿Ğ¾ĞºĞ¸ Ñ Ğ±Ñ–Ğ³Ğ°Ñ, Ğ¿Ñ€Ğ¸Ğ¹ÑˆĞ»Ğ¸ Ñ€ÑÑ‚ÑƒĞ²Ğ°Ğ»ÑŒĞ½Ğ¸ĞºĞ¸? ğŸ™ˆğŸ˜
Ğ’ÑĞµ Ğ´Ğ¾Ğ±Ñ€Ğµ, Ñ€ĞµÑ‡Ñ– Ğ¼Ğ¾Ñ— Ñ—Ğ¼ Ğ½Ğµ Ğ·Ğ°Ğ²Ğ°Ğ¶Ğ°Ğ»Ğ¸ğŸ‘
ğŸ‡ªğŸ‡¸ğŸ‡ºğŸ‡¦
.
To be free is to do what you want
be where you want to be
I am impressed by the ocean coast -
around volcanic stones ğŸ˜¯ğŸ–¤

Did you see that the rescuers came while I was running? ğŸ™ˆğŸ˜
Everything is fine, my things didn't bother themğŸ‘
ğŸ‡ªğŸ‡¸ğŸ‡ºğŸ‡¦

#mylife #mystyle #mytravel #hardcoretravel #sleepingbag #backpack #AvellitePhotoTravel"
1,"Chaotic but insanely beautiful Bangkok ğŸ‡¹ğŸ‡­ 

#bangkok #backpack #asia #nomad #travel #thailand"
2,"Some pics while riding taken by my favorite backpack @a_kamerr 

#bike #biker #backpack #honda #hondacb500f #bikelife #sunset #yamaha #suzuki #photography #sun #bikephoto #rider #ridersofinstagram #riding"
3,"On Tomodachi Life (PART 1):
 1) Emma has grown up & is a traveller 
 2) ğŸ“°: Barbara got flatter than a ğŸ¥ on her ğŸ˜¼ğŸ›¹
 3) Gart had a fight with ABS ğŸ§¸
 4) Danielle also had a fight with Darcey ğŸ®
 5) Guest D had a ğŸ˜´ğŸ’­ of ğŸ’
 6) Darcey soon made up with Danielle
 7) ABS was on ğŸ¢
 8) Elisa was at â˜•ï¸
 9) Barbara was at the â›²ï¸ğŸ’¦
 10) Hailberry had a ğŸ˜´ğŸ’­ of â˜•ï¸ğŸªŸ

#nintendo #nintendoswitch2 #nintendods #ds #nintendosmii #cpumii #mii #miinews #news #flat #ironingboard #accident #grownup #traveller #fight #cremebrullee #dream #backpack #kissandmakeup #rollercoaster #cafe #fountain #splash #cafewindow  #window #tomodachilife @nintendo_jp"
4,"Thomas and Friends Backpack
Brand: Trade Mark Collections
Price: Â£10.99
Dimensions: 13 x 8-10
Link in bio! 

#thomasengine #thomasandfriends #bluebags #characterbag #characterbags  #backpack #backpacks #boys #toddler #toddlerboys ##toddlers #gift #toddlergift #uk #scotland #glasgow #bag #bags #ukkids"
5,Lots of new Hemp Fanny packs and Backpacks from Nepal. Currently all on sale! @fairtradecalgary #kensingtonyyc @calgarydollars @belocalyyc @kensingtonyyc  #hemp #fannypack  #backpack #prayerflags #KensingtonLove
6,#sharmelsheikh #egypt #gay #instagay #gaycub #gayswithtattoos #tattoo #travel #traveller #backpack #backpacker #world #globe #wanderlust
7,"Check out our newst piece! What do you think? 

This stylish backpack is the perfect carryall for your everyday adventures. With a durable outer shell made from high-quality textiles, it's sure to hold your everyday essentials secure. A roomy interior with multiple compartments keep all items organized, while comfortable shoulder straps and back cushion make it easy to take with you wherever you go. Whether you're traveling, camping or commuting, this convenient and stylish backpack is sure to suit your needs. #backpack #textile #travel #everyday #style #organize #durable #quality #carryall #comfort  #adventure"
8,"REAL TECHNIQUES 

Marca de una de las mejores brochas para maquillaje nuevo ingreso disponible.

Technique essentials set 2.0 para rostro, ojos, y rubor.
Enhanced eye set. Sombras, delineador y mÃ¡scara incluye organizador de pinceles. 

Producto importado ğŸ‡ºğŸ‡¸ 100% original, recibimos pagos por medio de transferencia, depÃ³sito, pago contra entrega, tarjeta de dÃ©bito o crÃ©dito por medio de visaNet mall virtual (aplican restricciones) ğŸ’³ 

#mawivariedadesgt #maucitagt #realtechniquesbrushes #diseÃ±ador #original #backpack #moda #fashion #marca #moda #tendencias #makeup #maquillaje"
9,"ğŸ‘‹ HOI!!!! ğŸ‘‹

Hinke hier!!!
Its me!!
Het meisje van de tasjes. 
ğŸ¤£ğŸ¥°ğŸ¤­

En i like it!
Mijn job is echt fanTAStisch!!!

Genoeg uitroeptekens... ğŸ˜†
Ik vind het een eer dat jullie mij volgen, ook vandaag weer allemaal leuke reacties op instagram en Facebook...
En dat doet me goed ğŸ™â¤ï¸.
We gaan snel alle mogelijke modellen die we kunnen maken in de webshop zetten.  Dat zijn er Veeeeel!
Maar dan is de keuze echt reuze! 
Succes... Hihi!

Op de foto zie je trouwens allemaal rugtasjes!
Genaamd Jop! Komen ook weer terug! ğŸ¤­

Voor nu... 
Workshoppers zijn net de deur uit, ik ga lekker bankhangen en morgen weer snel aan de slag!

Fijne avond nog even! ğŸ’‹

#byhinke.nl #handmade #leather #leatherbag #bags #shopper #backpack #crossbody #wallet #workshop #leder #tassen #atelier  #color #kleding #clothes #shirts #truien #vesten #broeken #flared  #summer #kleding #uniek #vernieuwend #webshop #outfit #style #shoppen"
10,"MANDARINA DUCKğŸ’¯

â€¢ Stile italiano e praticitÃ  si uniscono in un mix irresistibile. Trolley proposto in colore degradÃ¨ dell'iconica linea Logoduck +.
 

Solo da BARBARA'S PELLETTERIE ğŸ”

---

Vuoi maggiori informazioni? Scrivici! E, se non lo hai ancora fatto, salvati il nostro numero WhatsApp Business: 3382834163,  troverai un catalogo sempre aggiornato ed ogni risposta alle tue domande. 

#modaitaliana #valigeria #bagsforsale #borse #bags #mandarinaduck #fashionstyle #backpack #tessuto #picoftheday #mitrx
 #pattina #triobag #tracollacatena#wwwbarbaraspelletterie.it"
11,"MANDARINA DUCKğŸ’¯

â€¢ Stile italiano e praticitÃ  si uniscono in un mix irresistibile. Trolley proposto in colore degradÃ¨ dell'iconica linea Logoduck +.
 

Solo da BARBARA'S PELLETTERIE ğŸ”

---

Vuoi maggiori informazioni? Scrivici! E, se non lo hai ancora fatto, salvati il nostro numero WhatsApp Business: 3382834163,  troverai un catalogo sempre aggiornato ed ogni risposta alle tue domande. 

#modaitaliana #valigeria #bagsforsale #borse #bags #mandarinaduck #fashionstyle #backpack #tessuto #picoftheday #mitrx
 #pattina #triobag #tracollacatena#wwwbarbaraspelletterie.it"
12,"MANDARINA DUCKğŸ’¯

â€¢ Stile italiano e praticitÃ  si uniscono in un mix irresistibile. Trolley proposto in colore degradÃ¨ dell'iconica linea Logoduck +.
 

Solo da BARBARA'S PELLETTERIE ğŸ”

---

Vuoi maggiori informazioni? Scrivici! E, se non lo hai ancora fatto, salvati il nostro numero WhatsApp Business: 3382834163,  troverai un catalogo sempre aggiornato ed ogni risposta alle tue domande. 

#modaitaliana #valigeria #bagsforsale #borse #bags #mandarinaduck #fashionstyle #backpack #tessuto #picoftheday #mitrx
 #pattina #triobag #tracollacatena#wwwbarbaraspelletterie.it"
13,"Con nuestra backpack, el dÃ­a a dÃ­a se vuelve una aventura sin complicaciones. Fabricada con material ergonÃ³mico y con compartimentos mÃºltiples, mantener todo organizado nunca habÃ­a sido tan fÃ¡cil. AdemÃ¡s, con espacio de carga USB y su diseÃ±o waterproof, estÃ¡s listo para cualquier situaciÃ³n. ğŸ’¼ Â¡Descubre la combinaciÃ³n perfecta de funcionalidad y estilo con Stylo#Gadgets 

#backpack #mochila #work #trabajo #tecnologÃ­a #gadgets"
14,"ğŸ’$12 (Reg $24) Womenâ€™s Mini Backpack with Pouch! Plus, you can score the Womenâ€™s Jelly Studded Mini Tote with Pouch from $9.78! 

ğŸ‘† Find the direct link in my bio OR Go to:
ğŸ‘‰ğŸ»TinaLikes.com/miniğŸ‘ˆğŸ»

ğŸ”Looking for something specific? Download the â€œFree Stuff Finderâ€ mobile app and use the Search feature!"
15,"Never worry about sand sticking to your bag again! 

The original bag with its canvas material perfectly wipes away sand. It is a really good beach bag and can hold all of your adventure items for the day â˜€ï¸ 

#beachfamily #surfmom #bodomint #sunshine #diaperbag #backpack #mombag #modernstyle #veganleather #blackbag #backpack #dadbag #kidfriendly #kidessentials #adventure #originalbag #messengerbag #crossbodybag #canvas #blackbag #adventure"
16,"Mijas ğŸ¦‹ğŸŒ·ğŸŒˆ 
.
.
.
#espaÃ±a #espagne #spain #travel #travelphotography #travelling #traveler #sun #sea #life #vibe #view #europ #explore #exploring #adventure #backpack #backpacker #mijas #village #malaga #color #flowers"
17,#michaelkors #backpack #brown #style ğŸ›ï¸
18,"""Mais qu'est ce qu'un PVT..? "", ""Oh, tu pars en vacances ?!"", ""Mais comment fais-tu pour financer ton voyage...?!"" âœˆï¸

Autant de questions que l'on m'a frÃ©quemment posÃ©es et qui reflÃ¨tent bien le fait que ce programme n'est pas assez mis en avant par nos gouvernements et systÃ¨mes Ã©ducatifs !!! ğŸš¦ğŸ›‘

Le PVT (Programme Vacances Travail) est un accord entre deux pays permettant l'obtention d'un Visa de travail et de loisirs, en rÃ¨gle gÃ©nÃ©rale d'une durÃ©e de un an. Cela peut Ãªtre moins, comme plus selon le pays en question ğŸ‡µğŸ‡ª / ğŸ‡«ğŸ‡·

Il permet de choisir, d'alterner entre le travail, le volontariatğŸ¤ (tel que le woofing, HelpX, Workaway...), et les visites d'un pays en ayant Ã©galement la possibilitÃ© de se dÃ©placer dans les pays aux alentours ğŸ—º

Le PVT requiert malheureusement une limite d'Ã¢ge ğŸ‘¼ et des Ã©conomies ğŸ’°ğŸ’¶ afin de pouvoir subsister sur place sur les temps de loisirs...

C'est une belle expÃ©rience qui signifie immersion dans d'autres culturesğŸ¤ , d'autres traditionsğŸ‘©â€ğŸŒ¾, apprendre ou rÃ©apprendre une langue Ã©trangÃ¨re, des dialectes, partir Ã  la rencontre de l'inconnuğŸ—½ tout en ayant la sÃ©curitÃ© d'obtenir un revenu si besoin ğŸª‚

Il est fort dommage que celui-ci soit limitÃ© aux personnes de moins de 35/30 ans... Cela est mon avis personnel, car il n'y a pas d'Ã¢ge pour dÃ©couvrir le monde ğŸŒ Toutefois, le voyage est accessible Ã  tous.tes par le biais du volontariatğŸ¤, et chaque pays dispose plus ou moins d'une durÃ©e de Visa lÃ©gale de 90 jours, ce qui peut Ãªtre une belle expÃ©rience pour toute personne dÃ©sirant vivre de nouvelles aventures ! âœ¨ï¸ğŸª…ğŸ²

Croyons en nos rÃªves, et osons sortir de nos sentiers battus !

ğŸŒğŸğŸœğŸ‡µğŸ‡ª

#PVT #arequipa #Arequipa #peru #peruvian #PerÃº #deviaje #viaje #viajar #voyage #travelwithadog #dogtravel #doggy #travelling #travel #southamerica #americadelsur #backpack #ameriquedusud #voyage #desert #desierto #instatravel  #workingholiday #trip #pvt #pvtperutravel #empoweredwomenempowerwomen #women #womentravel"
19,"Ex ferrovia Spoleto-Norcia ora pista ciclabile..
â€¢
â€¢
â€¢
#nroutdoor #umbria #appenninoselvaggio_it #appennino #trekking #storytelling #montagna #escursionismo #lagap #guidaescursionistica #hiking #yallersitalia #sibillini #fotografia #gae #montisibillini #wildlife #yallersumbria #assoguide #outdoor #natura #montagne #backpack #trekkingitalia #escursioni #foreste #aigae #itinerari #formazione #trekkingumbria"
20,"taegi girl à­§ ğŸ“â€§â‚ŠËšğŸŒ· â‹… 

#cute #inspo #backpack #taehyung #yoongi #bts #instagood"
21,"My preferred tarp set up is the plow point, hereâ€™s my setup using my 10x12 Etowah tarp for a recent tarp and wool blanket overnight camp.  What is your favorite tarp setup?

#bushcrafter #bushcraft #bushcraftlife #bushcraftgear #survivalkit #tarpshelter #oilskintarp #hammock #outdoor #outdoorlife #outdoorstyle  #campstyle #solocamp #camplife #wildcamp #campphotography #ultralightgear #backpack #backpackstyle #cowboystyle #cowboycamp #wintercamping #winterbushcraft #wintercamping #mysteryranch #tarpshelter #tarpcamping"
22,"Usual Price $219, exclusive price for you at ???
â€¢
PM to find out more whatâ€™s the best price for you!
Or join my Facebook Group for the best deals! www.facebook.com/groups/shopwithcharmainekhuah
â€¢
#shopwithcharmainekhuah #loungefly #usa #exclusive #bags #love #charmainealita #singapore #shopping #groupbuysg #cute #shippingfromusa #authentic #backpack #handbag #crossbody"
23,"Usual Price $189, exclusive price for you at ???
â€¢
PM to find out more whatâ€™s the best price for you!
Or join my Facebook Group for the best deals! www.facebook.com/groups/shopwithcharmainekhuah
â€¢
#shopwithcharmainekhuah #loungefly #usa #exclusive #bags #love #charmainealita #singapore #shopping #groupbuysg #cute #shippingfromusa #authentic #backpack #handbag #crossbody"
24,"Usual Price $219, exclusive price for you at ???
â€¢
PM to find out more whatâ€™s the best price for you!
Or join my Facebook Group for the best deals! www.facebook.com/groups/shopwithcharmainekhuah
â€¢
#shopwithcharmainekhuah #loungefly #usa #exclusive #bags #love #charmainealita #singapore #shopping #groupbuysg #cute #shippingfromusa #authentic #backpack #handbag #crossbody"
25,"Usual Price $219, exclusive price for you at ???
â€¢
PM to find out more whatâ€™s the best price for you!
Or join my Facebook Group for the best deals! www.facebook.com/groups/shopwithcharmainekhuah
â€¢
#shopwithcharmainekhuah #loungefly #usa #exclusive #bags #love #charmainealita #singapore #shopping #groupbuysg #cute #shippingfromusa #authentic #backpack #handbag #crossbody"
26,"Usual Price $219, exclusive price for you at ???
â€¢
PM to find out more whatâ€™s the best price for you!
Or join my Facebook Group for the best deals! www.facebook.com/groups/shopwithcharmainekhuah
â€¢
#shopwithcharmainekhuah #loungefly #usa #exclusive #bags #love #charmainealita #singapore #shopping #groupbuysg #cute #shippingfromusa #authentic #backpack #handbag #crossbody"
27,"Usual Price $219, exclusive price for you at ???
â€¢
PM to find out more whatâ€™s the best price for you!
Or join my Facebook Group for the best deals! www.facebook.com/groups/shopwithcharmainekhuah
â€¢
#shopwithcharmainekhuah #loungefly #usa #exclusive #bags #love #charmainealita #singapore #shopping #groupbuysg #cute #shippingfromusa #authentic #backpack #handbag #crossbody"
28,"â€Ù„Ø§ Ø£Ø®ÙÙŠ Ø¹Ù„ÙŠÙƒ ÙŠØ§ ØµØ¯ÙŠÙ‚ÙŠ
Ø£Ù†Ø§ Ù…Ø±Ù‡Ù‚ Ù…Ù† Ø§Ù„Ø³Ø¹ÙŠØŒ 
Ù…Ø±Ù‡Ù‚ Ù…Ù† Ù…Ø­Ø§ÙˆÙ„Ø§Øª Ø§Ù„ØªØ¬Ø§ÙˆØ² ÙˆØ§Ù„ØªØ£Ù‚Ù„Ù…ØŒ 
Ù…Ø±Ù‡Ù‚ Ù…Ù† Ø§Ù„Ø±ÙƒØ¶ Ù„Ù…Ø³Ø§ÙØ§Øª Ø·ÙˆÙŠÙ„Ø© ÙˆØ§Ù„Ø®Ø·Ø· ÙˆØ§Ù„Ø®Ø·ÙˆØ§Øª Ø§Ù„ØªÙŠ Ø£ÙÙƒØ± ÙˆØ£ØªØ®Ø°Ù‡Ø§ Ø¨Ø´ÙƒÙ„ Ù…Ø³ØªÙ…Ø±ØŒ 
Ù…Ø±Ù‡Ù‚ Ù…Ù† Ø³Ø±Ø¹Ø© Ø§Ù„Ø£Ø­Ø¯Ø§Ø« ÙÙŠ Ø­ÙŠØ§ØªÙŠ ÙˆÙ…Ø±Ù‡Ù‚ Ù…Ù† Ø§Ù„Ù‚Ø±Ø§Ø±Ø§Øª Ø§Ù„Ù…ØµÙŠØ±ÙŠØ© ÙˆØ§Ù„Ù…Ø³Ø¤ÙˆÙ„ÙŠØ§Øª ÙˆØ§Ù„Ø¶ØºÙˆØ·Ø§Øª..
Ù…Ø±Ù‡Ù‚ Ù…Ù† ÙƒÙ„ Ø´ÙŠØ¡ Ù„ÙƒÙ†Ù†ÙŠ Ø£ÙˆØ§ØµÙ„ Ø¹Ø³Ù‰ Ø£Ø¬Ø¯ Ø±Ø§Ø­ØªÙŠ ÙÙŠ Ø§Ù„Ù…Ø³ØªÙ‚Ø¨Ù„ Ø§Ù„Ù‚Ø±ÙŠØ¨

_______________________________________________________
#greenery #river
#plants #lake #trees
#outdoor #background #water
#nature #calm #style #vertical #view
#menclub #wallpaper #photooftheday #backpack #looking #sky #park #mood #clouds #instagramersgallery #instagram"
29,"Usual Price $219, exclusive price for you at ???
â€¢
PM to find out more whatâ€™s the best price for you!
Or join my Facebook Group for the best deals! www.facebook.com/groups/shopwithcharmainekhuah
â€¢
#shopwithcharmainekhuah #loungefly #usa #exclusive #bags #love #charmainealita #singapore #shopping #groupbuysg #cute #shippingfromusa #authentic #backpack #handbag #crossbody"
30,"Usual Price $219, exclusive price for you at ???
â€¢
PM to find out more whatâ€™s the best price for you!
Or join my Facebook Group for the best deals! www.facebook.com/groups/shopwithcharmainekhuah
â€¢
#shopwithcharmainekhuah #loungefly #usa #exclusive #bags #love #charmainealita #singapore #shopping #groupbuysg #cute #shippingfromusa #authentic #backpack #handbag #crossbody"
31,"Pick One! ğŸ’ğŸ’­ Nike Meets North Face ğŸ”¥ Concepts by @alespinelli_79

-
#sneakers #backpack #thenorthface #northface #nike #nikeshoes"
32,"Allow of us to reintroduce you to one of our favorite backpacks.. The Nichet 3.0. Recently named one of the best commuter bags by @travelandleisure. 
â€¢
â€¢
â€¢
â€¢
â€¢
â€¢
â€¢
#commuter #minkeeblue #mbstyle #backpack #blackowned #nichet #carryon #bags"
33,"Itâ€™s getting warm out. Without coat pockets, youâ€™ll need something to carry that stuff in. The Official PGR FESTIVAL BAGS are here!!! Get yours at any poly-Groove Records or Oversoul Theatre Collective event!!! #thumpnsoul #afrobeats #soulmusic #jazzfunk #backpack #hiphop #afropunk #festivalgear #merch @mwalim @oversoultheatrecollective @thezyg808 @polygrooverecords @thegroovalottos"
34,"ğŸ“ Serra da Mantiqueira e seus encantos.
.
VÃ¡ a todos os lugares que o povo que estiver lÃ¡ disser para vocÃª ir.

E, por fim, mas nÃ£o menos importante, aproveite o momento. Deixe de lado as preocupaÃ§Ãµes, desligue o celular e realmente se sinta presente em cada experiÃªncia.
***

#nomadecarlinhos - MaringÃ¡ - MG
***

ğŸ•ºğŸ¼ Contrate um guia 
ğŸ—‘ï¸ Recolha seu lixo 
ğŸŒ± NÃ£o retire nada da natureza 
ğŸ‘£ NÃ£o deixe mais do que pegadas no chÃ£o 
ğŸ¦ NÃ£o alimente animais silvestres 
ğŸ¦œ OuÃ§a o som da natureza 
***

ğŸ‘ğŸ» Curta esta postagem 
@ Marque um/a amigo/a 
âœğŸ¼ Comente! 
ğŸ”Š Compartilhe! 
***"
35,"Â¡En esta Semana de Turismo, potenciÃ¡ al mÃ¡ximo tus experiencias junto a tu peque! ğŸ•ğŸ¾â›ºï¸ğŸš´â›±ï¸ğŸŒ¿ğŸŒŠğŸŒâœˆï¸

ğŸ“² ComprÃ¡ online y retirÃ¡ o recibÃ­ rapidÃ­simo en Montevideo y todo el paÃ­s ğŸš€

ğŸ”— waggo.com.uy
ğŸ¤ Mercado Libre

#moodwaggo #mochilas #backpack #carrier #k9backpack #dogs #perros #transportadora #mascotas #waggo #moodwaggo #uruguay"
36,"Anyone else convinced Loungefly is a cult? Iâ€™ve seen some insane collections. Iâ€™m not an avid collector of their things but there are a few pieces I couldnâ€™t resist such as this backpack and wallet. I wasnâ€™t a fan of the corresponding wallets/bags so I mismatched them. Do you own any Loungefly products?

#pokÃ©mon #pokemoncommunity #loungefly #backpack #wallet #explorepage #foryou"
37,"Custom Uniforms & Apparel's. Competitive prices, fast turnaround, high quality!
DM us to place your order today!
Custom Desings 
High Quality product ğŸ©³ğŸ¥‹
Reasonable price ğŸ’µ
Super fast turnaroundğŸŒ
Fast Mock-ups
3D Mockup
#calicoimpex WhatsApp Number. +923098443675
#basketballuniforms #footballuniforms #embroidery #sublimation #7v7football #rugbyuniforms #uniquestyle #bookbags #cheeruniforms #footballclubs #youthclub #youthfootball #backpack #Teambags #Customize #uniforms #customtags #coach #customuniforms #coachshirt #uksportswears #uniformadasoficial #ukbasketballcoach #calicoimpex #basketballbrandShopify is the no 1 e-commerce platform #chearleading #nflshirt #leatherman Allah de saburd"
38,"Custom Uniforms & Apparel's. Competitive prices, fast turnaround, high quality!
DM us to place your order today!
Custom Desings 
High Quality product ğŸ©³ğŸ¥‹
Reasonable price ğŸ’µ
Super fast turnaroundğŸŒ
Fast Mock-ups
3D Mockup
#calicoimpex WhatsApp Number. +923098443675
#basketballuniforms #footballuniforms #embroidery #sublimation #7v7football #rugbyuniforms #uniquestyle #bookbags #cheeruniforms #footballclubs #youthclub #youthfootball #backpack #Teambags #Customize #uniforms #customtags #coach #customuniforms #coachshirt #uksportswears #uniformadasoficial #ukbasketballcoach #calicoimpex #basketballbrandShopify is the no 1 e-commerce platform #chearleading #nflshirt #leatherman Allah de saburd"
39,"Custom Uniforms & Apparel's. Competitive prices, fast turnaround, high quality!
DM us to place your order today!
Custom Desings 
High Quality product ğŸ©³ğŸ¥‹
Reasonable price ğŸ’µ
Super fast turnaroundğŸŒ
Fast Mock-ups
3D Mockup
#calicoimpex WhatsApp Number. +923098443675
#basketballuniforms #footballuniforms #embroidery #sublimation #7v7football #rugbyuniforms #uniquestyle #bookbags #cheeruniforms #footballclubs #youthclub #youthfootball #backpack #Teambags #Customize #uniforms #customtags #coach #customuniforms #coachshirt #uksportswears #uniformadasoficial #ukbasketballcoach #calicoimpex #basketballbrandShopify is the no 1 e-commerce platform #chearleading #nflshirt #leatherman Allah de saburd"
40,"Custom Uniforms & Apparel's. Competitive prices, fast turnaround, high quality!
DM us to place your order today!
Custom Desings 
High Quality product ğŸ©³ğŸ¥‹
Reasonable price ğŸ’µ
Super fast turnaroundğŸŒ
Fast Mock-ups
3D Mockup
#calicoimpex WhatsApp Number. +923098443675
#basketballuniforms #footballuniforms #embroidery #sublimation #7v7football #rugbyuniforms #uniquestyle #bookbags #cheeruniforms #footballclubs #youthclub #youthfootball #backpack #Teambags #Customize #uniforms #customtags #coach #customuniforms #coachshirt #uksportswears #uniformadasoficial #ukbasketballcoach #calicoimpex #basketballbrandShopify is the no 1 e-commerce platform #chearleading #nflshirt #leatherman Allah de saburd"
41,"BLACK DIAMOND Distance 8L. |

Esta Distance 8, es realmente singular. La posicionarÃ­a a medio camino entre una mochila de aproximaciÃ³n y una de trail, y eso se nota en la resistencia de los materiales empleados, especialmente en la parte trasera de carga, si la comparamos con los modelos mÃ¡s populares.

Â¿CÃ³mo se distribuye?

Parte trasera:
Zona de carga totalmente diÃ¡fana y 2 espacios laterales (casi ocultos para los bastones).
Tiene un pequeÃ±o bolsillo con cremallera interior, para telÃ©fono, documentaciÃ³n etc. Me gusta.
Para llevar el sistema trasero de hidrataciÃ³n dispone de un espacio dedicado al que se accede por la Ãºnica abertura.
El compartimento se abre y se cierra mediante un cordino tensor, y la solapa â€˜enrollableâ€™.
En los laterales, unos tensores para comprimir la carga.
El material es impermeable y resistente en extremo.

Parte delantera y lateral:
Tipo chaleco y bastante comÃºn, con espacio para bidones (no incluidos) y bolsillos superpuestos (izquierdo con cremallera).
En los laterales, tambiÃ©n hay bolsillo de malla elÃ¡stica con solapa.

Tiene un sistema portabastones, algo peculiar, y en mi opiniÃ³n poco prÃ¡ctico. Tanto, que no lo uso.
La soluciÃ³n es introducir los bastones en el lateral (posiciÃ³n vertical) entre el tejido externo e interno (ojo aquÃ­ con las rosetas de los bastones para no romper nada).
Por lo demÃ¡s, una mochila comodÃ­sima, capaz y resistente en zonas con vegetaciÃ³n cerrada. Totalmente a prueba de enganchones.
Los acabados son muy buenos, y la posiciÃ³n de los bidones, sumado al ajuste, hace que el rebote al correr sea inexistente.
Muy indicada para carreras que demandan cierta cantidad de material, y climatologÃ­a adversa.
Si los 8 litros se te quedan cortos, existe una versiÃ³n de 15 litros, por 175$.

Â¿QuÃ© te parece esta mochila?
ğŸ‘‡ğŸ“ğŸ‘€

#ElLaboratorioDeJuan #trailrunning #trailrun #trailrunnigshoes #runningshoes #runningshoes
#shoesaddict #mountainlovers #trailrunners #blackdiamond #backpack #bagpack #ultratrailrunning #ultratrailrunner #ultratrailrunners"
42,"Custom Uniforms & Apparel's. Competitive prices, fast turnaround, high quality!
DM us to place your order today!
Custom Desings 
High Quality product ğŸ©³ğŸ¥‹
Reasonable price ğŸ’µ
Super fast turnaroundğŸŒ
Fast Mock-ups
3D Mockup
#calicoimpex WhatsApp Number. +923098443675
#basketballuniforms #footballuniforms #embroidery #sublimation #7v7football #rugbyuniforms #uniquestyle #bookbags #cheeruniforms #footballclubs #youthclub #youthfootball #backpack #Teambags #Customize #uniforms #customtags #coach #customuniforms #coachshirt #uksportswears #uniformadasoficial #ukbasketballcoach #calicoimpex #basketballbrandShopify is the no 1 e-commerce platform #chearleading #nflshirt #leatherman Allah de saburd"
43,"Custom Uniforms & Apparel's. Competitive prices, fast turnaround, high quality!
DM us to place your order today!
Custom Desings 
High Quality product ğŸ©³ğŸ¥‹
Reasonable price ğŸ’µ
Super fast turnaroundğŸŒ
Fast Mock-ups
3D Mockup
#calicoimpex WhatsApp Number. +923098443675
#basketballuniforms #footballuniforms #embroidery #sublimation #7v7football #rugbyuniforms #uniquestyle #bookbags #cheeruniforms #footballclubs #youthclub #youthfootball #backpack #Teambags #Customize #uniforms #customtags #coach #customuniforms #coachshirt #uksportswears #uniformadasoficial #ukbasketballcoach #calicoimpex #basketballbrandShopify is the no 1 e-commerce platform #chearleading #nflshirt #leatherman Allah de saburd"
44,"Lili backpack in Yellow & Green. Available @jozeeboutique  Omnia Mohsen Designs

Genuine leather products and silver jewelry.

Instagram: 

Www.instagram.com/OmniaMohsenDesigns

Facebook: 
Www.facebook.com/OmniaMohsenDesigns

TikTok:

https://www.tiktok.com/@omniamohsendesign?_t=8khJtku8Ert&_r=1

#yadawymadebyomniamohsen #omniamohsendesigns #genuineleather #naturalleather #topgrainleather #handmadeleather #handmadeleatherbag #pullupleather #vegtanleather #backpack #sustainablefashion #slowfashion #sustainability #lifetimeproducts"
45,"Custom Uniforms & Apparel's. Competitive prices, fast turnaround, high quality!
DM us to place your order today!
Custom Desings 
High Quality product ğŸ©³ğŸ¥‹
Reasonable price ğŸ’µ
Super fast turnaroundğŸŒ
Fast Mock-ups
3D Mockup
#calicoimpex WhatsApp Number. +923098443675
#basketballuniforms #footballuniforms #embroidery #sublimation #7v7football #rugbyuniforms #uniquestyle #bookbags #cheeruniforms #footballclubs #youthclub #youthfootball #backpack #Teambags #Customize #uniforms #customtags #coach #customuniforms #coachshirt #uksportswears #uniformadasoficial #ukbasketballcoach #calicoimpex #basketballbrandShopify is the no 1 e-commerce platform #chearleading #nflshirt #leatherman Allah de saburd"
46,"Custom Uniforms & Apparel's. Competitive prices, fast turnaround, high quality!
DM us to place your order today!
Custom Desings 
High Quality product ğŸ©³ğŸ¥‹
Reasonable price ğŸ’µ
Super fast turnaroundğŸŒ
Fast Mock-ups
3D Mockup
#calicoimpex WhatsApp Number. +923098443675
#basketballuniforms #footballuniforms #embroidery #sublimation #7v7football #rugbyuniforms #uniquestyle #bookbags #cheeruniforms #footballclubs #youthclub #youthfootball #backpack #Teambags #Customize #uniforms #customtags #coach #customuniforms #coachshirt #uksportswears #uniformadasoficial #ukbasketballcoach #calicoimpex #basketballbrandShopify is the no 1 e-commerce platform #chearleading #nflshirt #leatherman Allah de saburd"
47,"Join the Bundle Kids family today and let's create memories that will last a lifetime! 

Our collection is carefully curated to inspire creativity, foster learning, and ignite imagination.ğŸŒŸ

Visit https://bundlekids.com/ to discover a world of wonder and excitement for you and your little ones.

#bundlekids #kidsbag #preschool #toddler #daycare #baby #babyshowergift #babyshower #backpack #kidsfashion #kids #bags #kidsbackpack #bag #cutebag #kidsbags #backpackonline #kidsstyle #animalbag #babygift #bundleupforlife #adventureready"
48,"Custom Uniforms & Apparel's. Competitive prices, fast turnaround, high quality!
DM us to place your order today!
Custom Desings 
High Quality product ğŸ©³ğŸ¥‹
Reasonable price ğŸ’µ
Super fast turnaroundğŸŒ
Fast Mock-ups
3D Mockup
#calicoimpex WhatsApp Number. +923098443675
#basketballuniforms #footballuniforms #embroidery #sublimation #7v7football #rugbyuniforms #uniquestyle #bookbags #cheeruniforms #footballclubs #youthclub #youthfootball #backpack #Teambags #Customize #uniforms #customtags #coach #customuniforms #coachshirt #uksportswears #uniformadasoficial #ukbasketballcoach #calicoimpex #basketballbrandShopify is the no 1 e-commerce platform #chearleading #nflshirt #leatherman Allah de saburd"
49,"#bag #cyclebag #handbag #handmade #felted #handcraft #design #citybag #nordic #nordicdesign #moda #fashion #store #italy #Rome #rionemonti #viaurbana #elenakihlmanâ£â£
#elenakihlmandesign #textile #cushion #pillow #curtain #fashiondesign #fashionstyle #handmadebag #madeinItaly #backpack #designlovers #italianstyle"
50,"Comme tous nos sacs, le sac Ã  dos Ferret s'accroche au vÃ©lo de diffÃ©rentes maniÃ¨res et se porte en fonction des envies, il sublime la silhouette du matin au soir, du bureau Ã  une virÃ©e nocturne.

Maison FARET est une marque franÃ§aise de sacoches pour le vÃ©lo, sacs, petite maroquinerie et accessoires. Dans l'univers du vÃ©lo depuis 1907.

ğŸŒ As all our models, the Ferret backpack can be attached to the bicycle in various ways and carried according to desires, it enhances your style from morning till night, from the office to an evening outing.
Maison FARET is a french brand of bike bags, bags, small leather goods and accessories. Expertise in the world of bicycles since 1907.

#sacados #backpack #vÃ©lo #bike #streetstyle"
51,"Custom Uniforms & Apparel's. Competitive prices, fast turnaround, high quality!
DM us to place your order today!
Custom Desings 
High Quality product ğŸ©³ğŸ¥‹
Reasonable price ğŸ’µ
Super fast turnaroundğŸŒ
Fast Mock-ups
3D Mockup
#calicoimpex WhatsApp Number. +923098443675
#basketballuniforms #footballuniforms #embroidery #sublimation #7v7football #rugbyuniforms #uniquestyle #bookbags #cheeruniforms #footballclubs #youthclub #youthfootball #backpack #Teambags #Customize #uniforms #customtags #coach #customuniforms #coachshirt #uksportswears #uniformadasoficial #ukbasketballcoach #calicoimpex #basketballbrandShopify is the no 1 e-commerce platform #chearleading #nflshirt #leatherman Allah de saburd"
52,"MOD#22 color chocolate , un modelo pequeÃ±o perfecto para cualquier ocasiÃ³n.
Una excelente pieza.
Piel de la mejor  calidad con acabados de lujo.
Producto 100% mexicano.
#moda #backpack #mexicoğŸ‡²ğŸ‡½ #bolsasmexicanas #fashionstyle #backpack"
53,"Custom Uniforms & Apparel's. Competitive prices, fast turnaround, high quality!
DM us to place your order today!
Custom Desings 
High Quality product ğŸ©³ğŸ¥‹
Reasonable price ğŸ’µ
Super fast turnaroundğŸŒ
Fast Mock-ups
3D Mockup
#calicoimpex WhatsApp Number. +923098443675
#basketballuniforms #footballuniforms #embroidery #sublimation #7v7football #rugbyuniforms #uniquestyle #bookbags #cheeruniforms #footballclubs #youthclub #youthfootball #backpack #Teambags #Customize #uniforms #customtags #coach #customuniforms #coachshirt #uksportswears #uniformadasoficial #ukbasketballcoach #calicoimpex #basketballbrandShopify is the no 1 e-commerce platform #chearleading #nflshirt #leatherman Allah de saburd"
54,"#grease #greaseelmusical #lalaboral #asturmochila #asturperegrino #bagtransport #theway #chemindecompostelle #backpack #viacompostela #caminodelnorte #asturias  #caminodesantiago #transportedemochilas #transportedeequipajes
#caminodelacosta
#llanes #Ribadesella #colunga #Villaviciosa #Oviedo #gijon #aviles #murosdenalon #cudillero #SotodeluiÃ±a #cadavedo #luarca #Navia #lacaridad"
55,"""Handmade pieces bear a unique charm, each one carrying a distinct touch of craftsmanship.""
.
.
.
PRICE: NGN6,000 

#handmadebaginnigeria #handmadebag #backpack #bagmaker #baglover #9jabagpreneur #9jamade #9ja #naijamade #naijabags #naijabagmaker #handmade #bag"
56,"#greaseelmusical #grease #lalaboral #asturmochila #asturperegrino #bagtransport #theway #chemindecompostelle #backpack #viacompostela #caminodelnorte #asturias  #caminodesantiago #transportedemochilas #transportedeequipajes
#caminodelacosta
#llanes #Ribadesella #colunga #Villaviciosa #Oviedo #gijon #aviles #murosdenalon #cudillero #SotodeluiÃ±a #cadavedo #luarca #Navia #lacaridad"
57,"ğŸ¤ Agnes hÃ¡titÃ¡ska tavaszias, Ã¼de fehÃ©r-ezÃ¼st szÃ­nben ğŸ¤ 

Ez a hÃ¡tizsÃ¡k tÃ­pus tÃ¶kÃ©letes vÃ¡lasztÃ¡s a mindennapokra: praktikus mÃ©retÅ±, mÃ©gis sok minden elfÃ©r benne (nagy pÃ©nztÃ¡rca, telefon, kulcsok, zsebkendÅ‘, kÃ©zfertÅ‘tlenÃ­tÅ‘, fÃ©l literes palack, kÃ¶nyv, neszesszer)
MÃ©retei: magassÃ¡ga 30 cm, szÃ©lessÃ©ge alul 25 cm, felÃ¼l 20 cm, vastagsÃ¡ga 9 cm
Ãra: 19.990,- Ft

RendelhetÅ‘ Ã¼zenetben!ğŸ˜Š

#jadeeyedcat #handmadebags #designerbags #madewithlove #backpack #hÃ¡titÃ¡ska"
58,"ARRANCAMOS LA SUPER PRE VENTA DE PANTUFLITAS DE PUSHEEN!! ğŸ¥³ğŸ“

QuizÃ¡ son mÃ¡s casuales que las de kirby pero no pierden su encanto ğŸˆâ€â¬› miden 23 cm, se puede calcular con una regla que mida tu calzado. Aproximadamente para un talle 36 â˜ï¸â„ï¸

El precio para seÃ±ar tu mochilita es de 27.000! ğŸ˜ğŸ“

Hacemos envÃ­os a todo el paÃ­s a travÃ©s de Correo Argentino y puntos de encuentro, aceptamos Mercado Pago y Efectivo ğŸ©· 

No te las pierdas!! La preventa termina el 15 de abril, el envio/punto de encuentro se habilita a las 2 semanas ğŸ’‹ğŸ’‹ğŸ’‹

#sanrio #coquette #cute #backpack #mymelody #melody #kuromi #gudetama #rilakkuma #pompompurin #cinnamoroll #kirby #kitty #clothing #argentina #bag #kawaii"
59,"PERITO MORENO ğŸ‡¦ğŸ‡· 

ce glacier situÃ© en Patagonie est immense et trÃ¨s impressionnant. On peut passer des heures Ã  se promener sur les passerelles pour lâ€™admirer. ğŸ§Š

#peritomoreno#peritomorenoglacier#argentine#argentina#argentinatravel#southamerica#suramÃ©rica#backpack#backpackers#backpacking#voyage#travel#viaje#travelover#travelphotography#discover#discoverearth#hike#randonnÃ©e#hikingadventures"
60,".
@jcchasezofficial @justintimberlake 
Their hugs and
JC's paradise pattern backpack ğŸŒºğŸŒ¿
Swipe âœ for more! ğŸ‘€

(edited by me)

@nsync IG Reels

#jcchasez #justintimberlake #nsync
#herschelsupply #backpack #paradise"
61,"Diesen nachtblauen Rucksack sollte man tatsÃ¤chlich eher in der Sonne tragen, denn er funkelt und glitzert so so schÃ¶n. Neben dem holographischen und dem tÃ¼rkis-glitzerndem Kunstleder habe ich nÃ¤mlich noch Ã¼berall Pailletten aufgenÃ¤ht die die Sonne so toll auffangen und reflektieren. 
VernÃ¤ht habe ich fÃ¼r meinen neuen #sewingbackpack den wunderschÃ¶nen Mandalastoff von @binebraendle den es gerade bei @binesstoffe gibt. Auch den tollen Innenstoff gibt es bei @binesstoffe. Den tollen Plot hat meine groÃŸartige Freundin Kathrin @___unikath___ selbst gemacht. 

*Werbung. 

#binesstoffe #binebrÃ¤ndle #binebraendle #binebrÃ¤ndlestoffe #binesstoffenÃ¤hen #rucksackliebe #rucksacknÃ¤hen #noodleheadbags #rucksack #sewingbags #sewingbackpack #plotterideen #mandalabag #plotten #kunstleder #taschennÃ¤hen #taschenanhÃ¤nger #itpiece #backpack #paillettes #buntetaschen #nÃ¤hinspiration #fashionbag #fashionbags #taschenÃ¤hen #handmadebag #sewinginspiration #mandala #mandalaart
#allshadesofblue"
62,"#backpack 
.
ãƒãƒƒã‚¯ãƒ‘ãƒƒã‚¯ã¯å¤§å¥½ããªé“å…·
æ–°ã—ã„ä»²é–“ã‚‚è¿ãˆå…¥ã‚ŒãŸã‘ã©
å‡ºç•ªãŒã¾ã ãªã„ğŸ™ˆ
.
#frostriver #frostriverisleroyale #frostriverpacks 
#backpacking #backpackcamping 
#camping #campgear #pÃ¶ultools #axe 
#ã‚­ãƒ£ãƒ³ãƒ— #ãƒãƒƒã‚¯ãƒ‘ãƒƒã‚¯ #ãƒãƒƒã‚¯ãƒ‘ãƒƒã‚¯ã‚­ãƒ£ãƒ³ãƒ—"
63,"#eatingout 
.
ç§ã®å¤–é£Ÿã¯å±±ã°ã‹ã‚Šã§ã™
ãŸã¾ã«ã¯ãŠåº—ã«è¡Œã‹ãªã„ã¨ãª
.
#hyperlitemountaingear #fjÃ¤llrÃ¤ven #evernew 
#hiking #trekking #mountaingear #backpack 
#ãƒã‚¤ã‚­ãƒ³ã‚° #ãƒˆãƒ¬ãƒƒã‚­ãƒ³ã‚° #ãƒãƒƒã‚¯ãƒ‘ãƒƒã‚¯ 
#ã‚¯ãƒƒã‚«ãƒ¼ #å±±é£¯ #å¤–é£¯"
64,"Ò‰ ğŸ”†SS4021214001
Ú©ÙˆÙ„Ù‡ Ù¾Ø´ØªÛŒ Ø¯Ø§Ù†Ø´Ø¬ÙˆÛŒÛŒ_Ù…Ø³Ø§ÙØ±ØªÛŒ ÙˆØ§Ø±Ø¯Ø§ØªÛŒ CAT
Ø¬Ù†Ø³: Ø¨Ø±Ø²Ù†Øª Ù…Ù„Ø§Ù†Ú˜ Ù‡Ø§ÛŒØ¯Ù†Ø³
Ø§Ø¨Ø¹Ø§Ø¯: ÛµÛ°Ã—Û³Û¶Ã—Û±Û· Ø³Ø§Ù†ØªÛŒÙ…ØªØ±
Ù…Ù†Ø§Ø³Ø¨ Ù„Ù¾ ØªØ§Ù¾ Û±Û¶ Ø§ÛŒÙ†Ú†
Ø±Ù†Ú¯Ø¨Ù†Ø¯ÛŒ: Ù…Ø´Ú©ÛŒ ØŒ Ø·ÙˆØ³ÛŒ Ùˆ Ø¢Ø¨ÛŒ
Ø¯Ø± Ø³Ù‡ Ø·Ø±Ø­ Ù…Ø·Ø§Ø¨Ù‚ Ø§Ø³Ù„Ø§ÛŒØ¯ Û¹
Ø¯Ø§Ø®Ù„ Ú©Ø§Ù…Ù„ Ø¢Ø³ØªØ± Ú©Ø´ÛŒ
Ø¯Ø§Ø±Ø§ÛŒ Ú©Ø§ÙˆØ± Ø¨Ø§Ø±Ø§Ù†
Ø³Ø±Ø²ÛŒÙ¾ Ø§ØµÙ„ÛŒ Ø¯Ø§Ø±Ø§ÛŒ Ù‚Ù„Ø§Ø¨ Ù‚ÙÙ„
Ø¯ÙˆØ®Øª Ø¯ÙˆØ¨Ù„ Ø¯Ø³ØªÙ‡ Ù‡Ø§
Ø¯Ø³ØªÙ‡ ÛŒ ÙÙˆÙ‚Ø§Ù†ÛŒ Ù¾ÛŒØ´ Ø¯ÙˆØ®Øª ÙØ´Ø±Ø¯Ù‡ ØªÙ‚ÙˆÛŒØª Ø´Ø¯Ù‡
Ù‚ÛŒÙ…Øª: Û²ØŒÛ´Û²Û°ØŒÛ°Û°Û° ØªÙˆÙ…Ø§Ù†

#Ú©ÙˆÙ„Ù‡_Ø¯Ø§Ù†Ø´Ø¬ÙˆÛŒÛŒ #Ú©ÙˆÙ„Ù‡_Ù…Ø³Ø§ÙØ±ØªÛŒ 
#Ú©ÙˆÙ„Ù‡_Ù¾Ø´ØªÛŒ #Ú©ÙˆÙ„Ù‡_Ù„Ù¾ØªØ§Ù¾ #Ú©ÙˆÙ„Ù‡_Ù¾Ø´ØªÛŒ_Ù„Ù¾ØªØ§Ù¾ #Ú©ÛŒÙ #Ú©ÛŒÙ_Ù„Ù¾ØªØ§Ù¾ #Ú©ÙˆÙ„Ù‡ #Ú©Øª #ØµÙ†Ø¯ÙˆÙ‚ #ØµÙ†Ø¯ÙˆÙ‚_Ø´Ø§Ù¾
#cat #backpack #kooleposhti #koole #sandogh_shop #sandogh"
65,"Ò‰ ğŸ”†
SS4011007012
Ú©ÙˆÙ„Ù‡ Ù¾Ø´ØªÛŒ Lenovo
Ø¬Ù†Ø³: Ù¾Ù„ÛŒ Ø§Ø³ØªØ±
Ø§Ø¨Ø¹Ø§Ø¯: Û´Û¸Ã—Û³Û±Ã—Û±Û³ Ø³Ø§Ù†ØªÛŒÙ…ØªØ±
ÙˆØ²Ù†: ÛµÛ°Û° Ú¯Ø±Ù…
Ù…Ù†Ø§Ø³Ø¨ Ø¨Ø±Ø§ÛŒ Ù„Ù¾ØªØ§Ù¾ ØªØ§ Ø³Ø§ÛŒØ² Û±Û·/Û³ Ø§ÛŒÙ†Ú†
Ù‚ÛŒÙ…Øª: Û±.Û¹Û°Û°.Û°Û°Û° ØªÙˆÙ…Ø§Ù†

#Ú©ÙˆÙ„Ù‡_Ø¯Ø§Ù†Ø´Ø¬ÙˆÛŒÛŒ #Ú©ÙˆÙ„Ù‡_Ù…Ø³Ø§ÙØ±ØªÛŒ 
#Ú©ÙˆÙ„Ù‡_Ù¾Ø´ØªÛŒ #Ú©ÙˆÙ„Ù‡_Ù„Ù¾ØªØ§Ù¾ #Ú©ÙˆÙ„Ù‡_Ù¾Ø´ØªÛŒ_Ù„Ù¾ØªØ§Ù¾ #Ú©ÛŒÙ #Ú©ÛŒÙ_Ù„Ù¾ØªØ§Ù¾ #Ú©ÙˆÙ„Ù‡ #Ø¨Ù†Ø¬ #Ø¨Ù†Ú¯ #ØµÙ†Ø¯ÙˆÙ‚ #ØµÙ†Ø¯ÙˆÙ‚_Ø´Ø§Ù¾
#bange #backpack #kooleposhti #koole #sandogh_shop #sandogh"
66,"New! Pre-order: Loungefly One Piece Chopper Figural Mini Backpack Exclusive

ğŸ’ Only available at Boxlunch

ğŸ’¬ Comment ""Link"", and I'll DM you the link  or the link is in bio

Buy â https://lfyn.ws/5y8"
67,"Il y a quelques jours je suis partie avec les copains pour faire un petit bivouac hivernal dans le Sancy !! Câ€™Ã©tait la premiÃ¨re fois quâ€™on creusait un trou pour dormir Ã  la belle Ã©toile ğŸ˜â„ï¸

#rando#randonnÃ©e#mountain#montagne#mountaingirl#fillesdesmontagnes#hikinggirls#hikinggirl#adventure#mountainaddict#naturelover#landscape#trek#backpack#van#vanlife#voyage#bivouac#bivouachivernal#roadtrip#auvergne#auvergnerhonealpes#sancy"
68,"SS4021226001
Ú©ÙˆÙ„Ù‡ Ù¾Ø´ØªÛŒ Ø²Ù†Ø§Ù†Ù‡ Ú©Ø§Ù…Ù„ ÙˆØ§Ø±Ø¯Ø§ØªÛŒ 
Women Casual Backpacks Korean Style School Bag
Ø¬Ù†Ø³: Ú†Ø±Ù… pu
Ø§Ø¨Ø¹Ø§Ø¯: Û²Û·Ã—Û³Û°Ã—Û±Û° Ø³Ø§Ù†ØªÛŒ Ù…ØªØ±
ÙˆØ²Ù†: Û·Û¶Û° Ú¯Ø±Ù…
Ø¯Ø± Ø¯Ùˆ Ø·Ø±Ø­ Ùˆ Ø±Ù†Ú¯
Ø¯Ø§Ø±Ø§ÛŒ Ø¬ÛŒØ¨ Ù‡Ø§ÛŒ Ù…ØªØ¹Ø¯Ø¯ Ùˆ ÛŒÚ© Ø¬ÛŒØ¨ Ù…Ø®ÙÛŒ
ØªÙ…Ø§Ù… Ø³Ø±Ø²ÛŒÙ¾ Ù‡Ø§ Ùˆ ÛŒØ±Ø§Ù‚ Ø¢Ù„Ø§Øª Ø§Ø² Ø¨Ù‡ØªØ±ÛŒÙ† Ø¨Ø±Ù†Ø¯Ù‡Ø§
Ø¢Ø³ØªØ± Ú©Ø´ÛŒ Ú©Ø§Ù…Ù„ Ø¨Ø§ Ø¨Ù‡ØªØ±ÛŒÙ† Ú©ÛŒÙÛŒØª 
Ù‚ÛŒÙ…Øª: Û±.Û´ÛµÛ°.Û°Û°Û° ØªÙˆÙ…Ø§Ù†

#Ú©ÙˆÙ„Ù‡ #Ú©ÙˆÙ„Ù‡_Ú©Ø±Ù‡ #Ú©ÙˆÙ„Ù‡_Ø¯Ø®ØªØ±Ø§Ù†Ù‡ #ØµÙ†Ø¯ÙˆÙ‚ #ØµÙ†Ø¯ÙˆÙ‚_Ø´Ø§Ù¾ 
#backpack #koole #kooleposhti #sandogh #sandogh_shop"
69,"EDIT: HOPE TO GET A SAMPLE SOON ğŸ˜­ğŸ˜­ğŸ˜­
â—ï¸Asmodeus CONCEPT ART  BACKPACKâ—ï¸

Ozzie is ofc one of my favorites so i had to do a design of him too ğŸ¤§

Would you be interested in this design for pre order??

Let me know!

#helluvaboss #helluvabossasmodeus #helluvabossozziefanart #helluvabossozzie #backpack #asmodeushelluvaartwork"
70,"í¬ê¸°ë˜ì§€ ì•Šì€ ë‚˜, ì˜¤ì„œì‚° ì •ìƒì— ì„œë‹¤! ğŸŠğŸ‰

""ëª¨ë“  í¬ê¸° ì†ì—ì„œë„ ë‹¨ í•˜ë‚˜ í¬ê¸°í•´ì„œëŠ” ì•ˆ ë  ê²ƒì´ ìˆë‹¤. ì„¸ìƒì˜ ëª¨ë“  ê¸°ì¤€ì´ ë˜ì–´ì•¼ í• , ë‚˜ ìì‹ ì´ë‹¤. ë‹¤ë¥¸ ëª¨ë“  ì´ê°€ ë‹¹ì‹ ì„ í¬ê¸°í•œë‹¤ í•˜ë”ë¼ë„ ë‚˜ ìŠ¤ìŠ¤ë¡œë¥¼ í¬ê¸°í•˜ì§€ ì•ŠëŠ” ê²ƒì€ ìš°ë¦¬ê°€ ë§ˆì§€ë§‰ê¹Œì§€ ì§€ì¼œì•¼ í•  ì¼ì´ë‹¤.""

- ì „ìŠ¹í™˜(2022), ã€Šë‚˜ì—ê²Œ ê³ ë§™ë‹¤ã€‹, 19.

ğŸ“¸ Samsung Galaxy Note20 Ultra 5G
2024.3.16.

#ì‚°ì‚¼ë³´ë‹¤ì¢‹ì€ë“±ì‚° #ë¶€ë¶€ë“±ì‚° #ë”¸ê³¼ë“±ì‚° #ë¸”ë™ì•¼í¬ì•ŒíŒŒì¸í´ëŸ½ #BAC #ëª…ì‚°100 #ì˜¤ì„œì‚° #ë³´ë ¹ #ì‚°ìŠ¤íƒ€ê·¸ë¨ #ì¢‹ì€ê¸€ #ë…ì„œ #mountains #hiking #notedmountains #backpacking #nature #outdoors #summit #travel #reading #goodwords"
71,"Em Bratislava fiz amizade com NapoleÃ£o, um homem no bueiro e um cabeÃ§udinho. ğŸ˜‚

EslovÃ¡quia foi o Ãºnico paÃ­s que nÃ£o postei nos stories. 

#mochilao #bratislava #eslovaquia 

In Bratislava I made friends with Napoleon, a man in the manhole and a big head. ğŸ˜‚ 

#backpacking #Bratislava #slovakia"
72,ğŸ•ï¸ #backpacking  #hikingadventures #girlintrail
73,"March 17 - 20, 2021

(Post 2 of 2)

On St. Patrick's Day, Robert, the manager of the Palace Hotel, gave us a ride back to the trailhead in the Pinos Altos, where Freebird had left off at the other day. We weren't walking far today, and were hoping to at least make it to Our Lady of Guadalupe Monastery for Vespers that evening. I don't recall the mileage there from the trailhead, but I think it was more or less 5 miles. We walked leisurely all afternoon, stopping to talk with a trail maintainer for a few hours. At that point we thought we were actually going to be late, but we found the side trail to the monastery and made it just in time. Brother Lawrence radiantly greeted us at the gift shop. He left and returned with bottled water, two Ziploc bags of apples and oranges, a box of electrolyte mixes, a bag of their Irish blend coffee (the monks there roast and sell coffee), and two Benedictine medals with an accompanying booklet about the saint. Lawrence gave us directions on how to locate our friend Doug the Hermit (See previous post: https://www.instagram.com/p/CuRyDkbLZxC/?utm_source=ig_web_copy_link&igsh=MzRlODBiNWFlZA==), whose place was off of our maps this year. We stayed for Vespers and then dropped back down the side trail, finding a place to camp on a ridge.

The next day the CDT circled around the monastery. We couldn't find the turnoff that led to Doug's place, so we continued on our route into the eastern end of the Pinos Altos. We crossed Highway 15, just north of Pinos Altos town, and camped in a ponderosa forest. On the 19th, a couple day-hikers from Silver City joined us for lunch. We gave them the coffee from Brother Lawrence, as we had no way of brewing it, nor did we want to carry that much.

(Story continued in comments)

#NewMexico #mexico #continentaldivide #continentaldividetrail #silvercity #gilawilderness #gilanationalforest #spiritualgrowth #spiritualawakening #spiritual #journey #thruhike #thruhiking #backpacking #hiking #travel #photography #photo #photooftheday #photographer #artist #art #artwork #artoftheday #southwest"
74,"Adirondack Mountains

Winter backpacking trek with the homie @kuehl_hauls . Trekked up Mt. Colden with no trail in sight and forged new paths via glissading down. Packed out in a lean-to for a night near Avalanche Pass and embraced the reward of a zero-degree night. 

#Backpacking #wintertrek #adirondacks #camping #trekking"
75,"Direzione Lofoten ğŸ‡³ğŸ‡´ğŸš¢
photo by: @thrumanolo 

#travelling #travelingram #traveller #tourist #igtravel #instatraveling #tourism #visiting #mytravelgram #instapassport #traveler #instago #traveltheworld #travelblog #travels #travelpics #travelphoto #travelblogger #travellife #backpacking #traveladdict #travelbug #traveldiaries #instatravelling #europe #backpacker #holidays #dolomites #lake"
76,Equinox. A day late to the officially spring party but I wanted to share some core backpacking memories from a few years ago. Hiking ten miles through the backcountry to one of the most spectacular views Iâ€™ve ever seen in my life. Enough to bring tears to your eyes. Washington is undoubtedly top tier ğŸ’
77,"March 17 - 20, 2021

(Post 1 of 2)

On St. Patrick's Day, Robert, the manager of the Palace Hotel, gave us a ride back to the trailhead in the Pinos Altos, where Freebird had left off at the other day. We weren't walking far today, and were hoping to at least make it to Our Lady of Guadalupe Monastery for Vespers that evening. I don't recall the mileage there from the trailhead, but I think it was more or less 5 miles. We walked leisurely all afternoon, stopping to talk with a trail maintainer for a few hours. At that point we thought we were actually going to be late, but we found the side trail to the monastery and made it just in time. Brother Lawrence radiantly greeted us at the gift shop. He left and returned with bottled water, two Ziploc bags of apples and oranges, a box of electrolyte mixes, a bag of their Irish blend coffee (the monks there roast and sell coffee), and two Benedictine medals with an accompanying booklet about the saint. Lawrence gave us directions on how to locate our friend Doug the Hermit (See previous post: https://www.instagram.com/p/CuRyDkbLZxC/?utm_source=ig_web_copy_link&igsh=MzRlODBiNWFlZA==), whose place was off of our maps this year. We stayed for Vespers and then dropped back down the side trail, finding a place to camp on a ridge.

The next day the CDT circled around the monastery. We couldn't find the turnoff that led to Doug's place, so we continued on our route into the eastern end of the Pinos Altos. We crossed Highway 15, just north of Pinos Altos town, and camped in a ponderosa forest. On the 19th, a couple day-hikers from Silver City joined us for lunch. We gave them the coffee from Brother Lawrence, as we had no way of brewing it, nor did we want to carry that much. 

(Story continued in comments)

#NewMexico #mexico #continentaldivide #continentaldividetrail #silvercity #gilawilderness #gilanationalforest #spiritualgrowth #spiritualawakening #spiritual #journey #thruhike #thruhiking #backpacking #hiking #travel #photography #photo #photooftheday #photographer #artist #art #artwork #artoftheday #southwest"
78,"Rate this sunset out of 10 ğŸ˜ğŸ˜
ğŸŒŸğŸŒŸğŸŒŸ
Follow us @digital_traveling @digital_traveling @digital_traveling for more!!!
ğŸ’¥ğŸ’¥ğŸ’¥
-
-
-
-
-
#travel #wanderlust #nature #city #view #traveling #travelers #travelvlog #world #beauty #vacation #getaway #mothernature #globe #backpacking #travelbug #travelholic #travelgram #travelinggram #travelphotography #exploring #explorer #wanderer #doyoutravel #goexplore #travelmore #lovetotravel #wonderfulplaces #roamtheplanet #travellifestyle"
79,"New video out over on my YouTube channel.... A wintery wild camp on Clough Head in the Lake District National Park.
.
.
.
.
.
.
.
...................TAGS..............
.
.
.
.
.
.
.
#wildcampingpeakdistrict #wainwrights #lakedistrict #ukmountains #landscapephotography #winterwildcamping #cloughhead ##wildcamping #ukhiking #camping #selfportrait #backpacking #treckking #rambling #outdooradventures"
80,"One more post before I move on from this amazing place. 

#tasmania #landscapephotography #blackandwhitephotography 
#backpacking #hiking #travel #australia #outside #outdoors #mountains #peaks #sectionhiker #exploremore #exploretocreate #nature #total_nature #lifeofadventure #adventure #travelphotography #mattharveyphoto"
81,segrÃ¡di-hegysÃ©g #hungary #landscapephoto #landscapephotography #mountain #mountains #mountaneering #hiking #backpacking #trekking #naturephotography #naturephoto #wanderlust #naturelovers #okt #landschaftsfotografie #landscape #autumnforest #autumncolors #kÃ©ktÃºra #erdÅ‘ #forest #wald #autumncolours #Å‘szierdÅ‘  #waldliebe #visegrÃ¡dihegysÃ©g #bÃ¶lcsÅ‘hegy
82,"...sa sa sa samÄ±r taymm samÄ±r taym sednÄ±ssss â˜€ï¸ğŸœ

.
.
.
.
.
.
#portrait #summer #portre #travel #gezgin #seyahat #yolaÃ§Ä±k #yolculuk #rider #biker #gezginler #mymood #style #life #photooftheday #summer #summertime #nevergiveup #geziyoruz #yolaÃ§Ä±kyolaÃ§Ä±k #backpacking #travelphotography #travelblogger #travelgram #seyahatblog #gezginkadÄ±nlar #gezenbilir #camping #traveling"
83,Come join us in a Brigadeiro Night!!! ğŸ’–ğŸ’– #hostelle #hostel #hostellife #warderlust #solotravel #vacation #hostelworld #trip #travel #backpacking #booking #travaler #turism #meettheworld #instagram #girls #girlsonly #amsterdam #netherlandsğŸ‡³ğŸ‡±
84,"We have two spot openings on our Cumberland Island National Seashore project! Located in coastal Georgia, this unique and beautiful location has maritime forests, undeveloped beaches, and wide marshes. There's a lot of history here and a lot to learn. 

Our volunteer crew will take the ferry to the island where we'll spend the week working on trail maintenance, vegetation removal/management, and other projects. Learn more about this project and sign up by clicking the ""2024 Projects"" link in our bio!

#wildernessvolunteers #givingsomethingback #conservation #stewardship #cumberlandisland #cumberlandislandnationalseashore #nationalseashore #cumberlandislandwilderness #designatedwilderness #wilderness #hickoryhillwilderness #nationalparkservice #nps #findyourpark #stmarys #dungenessmansion #seacamp #ferry #staffordbeach #history  #trails #backpacking #camping #hiking #optoutside #everyoneoutside #leavenotrace #wildhorses #volunteer #serviceproject"
85,"Happy times in Porto ğŸ¤

ğŸ“· @jochenbasmati 

#traveling #porto #friends #family"
86,"Rate this sunset out of 10 ğŸ˜ğŸ˜
ğŸŒŸğŸŒŸğŸŒŸ
Follow us @digital_traveling @digital_traveling @digital_traveling for more!!!
ğŸ’¥ğŸ’¥ğŸ’¥
-
-
-
-
-
#travel #wanderlust #nature #city #view #traveling #travelers #travelvlog #world #beauty #vacation #getaway #mothernature #globe #backpacking #travelbug #travelholic #travelgram #travelinggram #travelphotography #exploring #explorer #wanderer #doyoutravel #goexplore #travelmore #lovetotravel #wonderfulplaces #roamtheplanet #travellifestyle"
87,#colombia #tayrona #parquetayrona #santamarta #travel #beach #nature #playa #travelgram #instatravel #photooftheday #photography #travelphotography #tayronanationalpark #southamerica #tayronapark #trip #instagood #sea #love #paradise #caribe #cabosanjuan #vacation #landscape #backpacking #vacaciones #travelling #beautiful #caribbean
88,"Tag 74

Ruhig geht der Tag von statten. Erst kurz zum Markt und etwas Obst kaufen. Danach zurÃ¼ck zum Hostel und den Laptop aufklappen.

Budget planen und die Ausgaben eintragen. Das neue Hostel buchen und dann den neuen Eintrag auf dem Blog verÃ¶ffentlichen.

Am Abend geht es mit ein paar anderen Leuten zum stamm Restaurant und Informationen werden ausgetauscht, bis das Bett wartet und der Rucksack noch gepackt werden muss. Schnell noch eine Dusche und dann fallen die Augen zu.

#travel #worldtrip #solotravel #trip #solobackpacking #backpacking #carryonworldtrip #femaletraveller #backpackneuling #worldtraveler #solotravel #solotraveller #handgepÃ¤ckmussreichen #weltreise #reisen #blog #blogger #egypt #culture #differentculture #cultureshock #assuan packen #letztertag #chillday"
89,"ğŸ”ï¸ Perito Moreno Glacier, El Calafate

#earthdiscover #earth #mothernature #stunning #beautiful #beautifuldestinations #nature #naturephotography #travel #traveldiscover #backpacker #backpacking #argentina #artentinanature #glaciers #backpackingsouthamerica #southamerica #patagonia #discoverpatagonia #nationalpark #photographer #photography #travelphotography #travelphotographer #deaf #mountain #lake"
90,"If I could give my younger self any advice it would be to go travelling sooner! âœˆï¸ 

Donâ€™t wait for the perfect time - it doesnâ€™t exist! 

Donâ€™t wait until youâ€™re â€˜slim enoughâ€™ - no one cares about your body! 

And definitely donâ€™t wait for other people - going solo is GREAT!"
91,"Had the chance to experience then beautiful Zakopane spa which had an incredible view of the mountains! 

#poland #zakopane #europe #spa #recommendation #blog #blogger #travelblogger #travelphotography #travelgram #travel #backpacker #backpacking #roamingaround #adventure #fun #life #explore #exploring"
92,"Obsesi yang salahkah ??? Bahagia ketika membahagiakan orang lainâ€¦

#wiragardenlampung #lampung #palembang #indonesia #glamping #camping #forest #garden #flowers #pesonaindonesia #travel #vacation #traveling #backpacking #healing #relax #latepost #alone #lonelyplanet #bestfriends #like #likesforlike #fyp #likeforlikes"
93,"Things I've gained from this holiday
â€¢ Confidence
â€¢ Independence
â€¢ The ability to fall asleep in a room with 17 other
people
â€¢ A knee that clicks when I walk down hill
â€¢ Achilles tendonitis
.
.
.
.
.
.
.
.
.
.
#soloholiday #sheffield #york #newcastle #edinburgh #dundee #glasgow #backpacking #hostel #rockclimbing"
94,"Nice view out there.
This photo was one of several sent by happy customer Daniel a while back and I've only gotten around to posting today!
.
.
.
This is a reminder that one needs to slow down, smell the flowers, and take in the view.
.
.
.
Speaking of the view, you can see some interior details of the Zelter Shelter such as the yellow inflatable bladder, dual-slider zip pulls, the sealed seams, and the storm flap. Hopefully you'll pick one up for your own adventures now that the weather is turning nice again and things are happening! 
.
.
.
Thank you, Daniel, for sending great photos of your Zelter Shelter in action. I hope you're well and I really appreciate you. Have a great day out there, everyone. ğŸ‘Š
.
.
.
#zeltershelter #zelter #camping #bushcraft #hiking #survival #backpacking #outdoors #tent #tarp #adventure #bikepacking #bivvy #meadow #scenic"
95,"We're having a sale on all HIKINGANDCAMPING products on our store. Save 10% off all products in this collection (no exceptions, no limitations). Simply use promo code HIKINGANDCAMPING at checkout or use this link: https://todayshealthandwellnessstore.com/discount/HIKINGANDCAMPING?redirect=%2Fcollections%2Fhiking-camping
.
Imagine your sofa embarks on a wild adventure, armed with nothing but its throw pillows. Sounds absurd? That's because your adventure spirit deserves better! Dive into the wilderness with Today's Health and Wellness Store's Hiking and Camping gear. Let's leave the couch behind and make some unforgettable memories with gear that's as ready as you are. Explore our collection and start your journey https://todayshealthandwellnessstore.com/collections/hiking-camping

This isn't just any outdoor gear. Today's Health and Wellness Store is your one-stop-shop for embracing the great outdoors without leaving comfort and quality behind. From eco-friendly camping stoves to LED lanterns that would make fireflies jealous, we've got everything you need to elevate your outdoor experience. Plus, our gear isn't just about making the most out of your adventures; it's about doing so sustainably and stylishly.

#OutdoorAdventure #CampingLife #HikingTrials #TrailBlazers #NatureLovers #ExploreTheWild #CampingGear #HikingEssentials #AdventureTime #Backpacking #TravelBackpacks #InflatableTents #SurvivalGear #EcoFriendlyTravel #USBChargingBackpacks #PortableCooking #CampingAccessories #Trekking #OutdoorCookware #WaterproofEquipment #CampingFurniture #AdventureGear #FitnessAndYoga #Activewear #OutdoorLifestyle #CampingStoves #LEDLanterns #EcoCamping #StayActive #TodaysHealthAndWellness

Gear up, step out, and let the wild call you by your nickname. Because adventure is waiting, and it doesn't do call-backs!"
96,"Bali - 7/7
.
.
.
#travel #backpacking #travelcouple #travelling #bali #indonesia #SEasia"
97,"Just five hours north of San Francisco sits a gem of the backpacking world, The Lost Coast. Never in my wildest dreams did I imagine I would find such a remote and spectacular coastal destination in the most populous state in the US.

For five days we experienced mile after mile of pristine black sand beaches, old growth redwoods, herds of elk, barking sea lions, and the sound of ocean waves soothing us to sleep. We had the sense that we travelled to the far reaches of the earth, but strangely, no one stamped our passports. Repost: @rachid.dahnoun 
______________________________
â€¢
â€¢
#lostcoast #lostcoasttrail #backpacktraveller #backpacking #humboltcounty #visitlostcoast #adventurenthusiasts #sheltercove #adventuring"
98,#adventureswithgreg #aussie #camperlife#dogsofinstagram #aussiesofinstagram #dog #cutie #hiking #climbing #camping #backpacking  #dogpeople #blue #blueeyes #blueeyeddog #amish #ohio #travel #traveldog #dogsontheroad #nomad
99,"ğŸ¦« ğŸŒ² 
.
.
#jerseyonthetrail #njstateparks #nj #newjersey #hikenj #beaver #beavertree #girlswhohike #njhikes #njoutdoors #njnature #naturephotography #appalachiantrail #railtrail #northjersey #northjerseyadventures #at2024 #backpacking #woods #hikertrash #traillife #trail #hike"
100,#hike #hiking #camping #backpacking #landscapes #landscapephotography #photo #photography #nature #naturephotography #mountains #canyons #exploring #explore #utah #usa #happiness #happy #vibes #travelphotography #travel #traveling #roadtrip #vacation #amazing #view #relax #trail
101,"Just me & my backpack ğŸ’ğŸ¥¾ğŸï¸

#naturephotography #hikingchile #travel #backpacking #roamtheplanet #patagonia #explore"
102,"Phnom Penh ğŸ‡°ğŸ‡­

#asia #asiatravel #asiatrip #southeastasia #cambodia #cambodiağŸ‡°ğŸ‡­ #cambodiatravel #phnompenhcity #phnompenh #capitalcity #palace #royalpalace #silverpagoda #mekong #tonlesap #river #riverside #streetvibes #traveling #travel #igtravel #travelgram #traveltheworld #olympuscamera #backpacker #backpacking #cestovani #cestolidi #cestujeme #cestujemeczsk"
103,"Working on finalizing this sheath design for the @exceeddesignsco Hyzer Hatchet. What do you all think?

#edc #everydaycarry #edcdump #pocketdump #everydaycarrycommunity #camping #backpacking"
104,"The canal series continues ğŸ£
.
Got this ğŸˆ and few others
.
.
.
#ã‚­ãƒ£ãƒ³ãƒ— #azoutdoors #arizona #camping #backpacking #tightlines #fishing #lofi #sunset #arizonalife #explore #overlanding #fishing #az #arizonağŸŒµ #ğŸŒµ #arizonaisgorgeous #ã‹ã‚ã„ã„ #canyon #bass #largemouthbass #scenery #lake #azğŸŒ² #basslife #bassfishing #arizonabassfishing#smallmouthbass #explore"
105,"Do you ever remember the first place that left you absolutely breathless? For me that was the Scottish Highlands. Iâ€™ve never experienced somewhere so serene, peaceful and tranquil. Driving through them Iâ€™ve never been so overcome with gratitude to be able to see such a beautiful place. 

Whereâ€™s the most beautiful place youâ€™ve experienced?

#travel #travelphotography #traveltheworld #scotland #inverness #europe #travelblogger #travelgram #beautifuldestinations #traveltips #mustvisitplaces #vacation #holiday #photography #instatravel #traveldiaries #travelling #adventure #traveladdict #worldtraveler #wanderlust #travelphotos #tourism #touringtheworld #adventurer #adventuretime #adventureawaits #adventurediary  #backpacking #explorelife"
106,"Step into comfort and style with our exclusive Smartwool promotion! ğŸ§¦

At Trailhead Paddle Shack, weâ€™re making your adventures even more rewarding. For a limited time, when you buy three pairs of Smartwool socks, youâ€™ll get the fourth pair absolutely FREE!

Perfect for every trail, paddle, and outdoor escapade. ğŸš£â€â™‚ï¸ğŸ•ï¸

Hurry, this deal is as cozy as it sounds and itâ€™s available both in-store and online. Donâ€™t let your feet miss out on unbeatable comfort.

#TrailheadPaddleShack #Smartwool #AdventureAwaits #GetOutdoors #SocksLove #FreeSocks #HikingLife #OutdoorGear #PaddleLife #Explorers #TrailFeet #NatureLovers #CampingEssentials #AdventureGear #ShopLocal #EcoFriendly #SustainableFashion #HikingCommunity #OutdoorStyle #TrailReady #Kayaking #Paddling #Backpacking #Footwear #ComfortFirst #SmartwoolSocks #SocksSale #HikeMoreWorryLess #ExploreMore"
107,"Jumping into conclusions ğŸ’«âœ¨âš¡ï¸
â€¢
â€¢
â€¢
â€¢
â€¢
â€¢
â€¢
â€¢
â€¢
â€¢
â€¢
â€¢
â€¢
â€¢
â€¢
â€¢
â€¢
â€¢
â€¢
#earthofficial #earthoutdoors #lastingvisuals #liveferal #snowboardgirl #explore #exploreyyc #naturephotography #naturephotography #natgeo #natgeotravel #natgeoyourshot #travelphotography #travelblogger #travel #snowboarding #backpacking #backpacker #hiking #winter #hikingculture #dharma_travel #alpingirls #karitraa #mountains #mountain #nikon #canon #nikonphotography #gopro #goprohero"
108,"ğŸ“Lake Issyk-Kul, Kyrgyzstan ğŸ‡°ğŸ‡¬
â€¢
â€¢
â€¢
#kyrgyzstanğŸ‡°ğŸ‡¬ #kyrgyzstan #silkroad #issykkul #issykkullake #lakeissykkul #yurt #yurtlife #kyrgyzstantravel #enjoykyrgyzstan #utazunk #utazÃ¡s #utazomajom #utazz #utazÃ¡sitippek #hatizsakosutazas #backpacker #backpackerlife #backpacking #utazasterapia #utazobazis #utazzolcson #magyarutazo #travel #travelblogger"
109,"ğŸ“Valencia, EspaÃ±a ğŸ‡ªğŸ‡¸ 
P A R T II
 
Â°
#backpacker
#backpacking #backpacker_pics #backpackerlife #travel #traveler #traveller #traveling #solotravel #solotravelling #wanderlust #aroundtheworld #ontheroad #adventure #landscape #instatravel #instatravelgram #traveltheworld #exploretheworld #europe #spain #espana #ğŸ‡ªğŸ‡¸ #valencia #serranos #elcarmen #mercado #lallotjadelaseda"
110,Spring is almost here #fishing #flyfishing #backpacking #hiking #camping
111,"They are growing so fast! Our baby kittens ğŸ± Aren't they cute? ğŸ¥¹ğŸ˜ Happy cat family 

#happy #kittens #twenty4hostel #suriname #paramaribo #backpacking #cuteness"
112,In Zionâ€¦ #zion #zionnationalpark #utah #hiking #trekking #walking #zionhiking #camping #backpacking #arte #impressionism #landscapepainting #landscapeartist #laoty #impresionismo #paisajismo #paisajista #artoninstagram #dailyart #dailypainting #southwestart #southwestartist
113,#camp #camping #campinglife #camper #rooftoptent #nature #naturelovers #outdoors #hiking #hike #hiker #hikingadventures #travel #trail #offroad #offroader #offroading #overland #overlanding #beautifulbc #mountains #lake #backpacking #tent #tentcamping #bbq #campvibes #campgear #campeveryday #campfire
114,"Faaaaala Viajantes Solelunaaaa!!!! ğŸ¤ŸğŸ¼

CÃ¡ estamos nÃ³s novamente em mais uma estaÃ§Ã£o!!!!

O OUTONO CHEGOU!!!

Esperamos por tanto tempo, e a estaÃ§Ã£o mais amena para o montanhismo estÃ¡ no ar!

Junto com lanÃ§amos tambÃ©m a nossa nova agenda do inicio da TEMPORADA DE MONTANHA ğŸ“†

VamboooooraaaaÃ¡ ğŸ¤ŸğŸ¼

Sem mais delongas hahahaha veja o carrossel para conferir todas nossas viagens ğŸ˜‰

âš  Lembrando tambÃ©m que nÃ³s oferecemos toda assessoria ao viajante, COM CUSTO ZERO!

NÃ³s ajudamos a comeÃ§ar no montanhismo, como escolher equipamentos, o que levar nas expediÃ§Ãµes, como treinar, sugerimos roteiros para sua evoluÃ§Ã£o e muito mais!

E aiiii, bora comeÃ§ar essa temporada com o pÃ© direito???

JÃ¡ escolhe a prÃ³xima viagem e VAMBORAAAAA!!! ğŸ¥¾

Com a Soleluna vocÃª sempre tem, amizade, respeito, uniÃ£o, amor Ã  natureza e muita diversÃ£o!!!

Reservem suas vagas pois todas as turmas sÃ£o limitadas hahaha

AbraaaaaaaaaaaÃ§os da Solelunaaaa!!!!!

ğŸŒ…ğŸŒŒ

#trilha #travel #trekking #sol #lua #montanhas #aventura #vida #natureza #experiencias #amizade #pessoas #esporte #viagem #bora #backpacking #montanhismo #praia #caverna #pordosol #nascerdosol #picodolopo #sacodomamangua #paraty #brotas #ubatuba #vamos #petar #rafting #rapel"
115,"Gym Review #3 

SciFitness 

A gym as uninspiring as the city itself. I havenâ€™t been to many places that Iâ€™d absolutely never return to but Cebu is definitely one of them and this gym unfortunately followed in its cityâ€™s footstep. 

The gym itself is located on the third floor of a run down building on a busy street. On first impressions the actual gym looked like a good place to workout and at 100 pesos was very cheap, however, SciFitnessâ€™s biggest problem is that it is like working out in a Sauna with the demotivating music of Taylor Swift in the background. The heat and the music choice combined both contributed to a negative workout atmosphere. Donâ€™t get me wrong the Philippines is a hot place but the lack of air con or open windows made working out for longer than 10 minutes and not ending up in a sweaty dripping mess nearly impossible. 

There are some positives to the gym though if you can bare the heat. 
1. The price is cheap.
2. There is a fair amount of equipment available and everything worked.
3. The staff are friendly and helpful. 

On the whole SciFitness has negative and positives if you want a cheap workout, can handle the heat and Taylor swift is your choice of workout music then SciFitness is for you. 

â­ï¸â­ï¸â­ï¸

#fitness #fitnessmotivation #fitnessjourney #fitnesscoach #health #healthandfitness #healthcoach #strong #weighttraining #weights #weightloss #lifting #cardio #cardioworkout #gym #gymmotivation #nutrition #pt #personaltrainer #personaltraining #majestic #nottingham #travel #backpacking #sightseeing"
116,"When a storm oozes poetry.

#mountains #mountainlovers #mountainphotography #nature #naturelover #naturephotography #hiking #photographers #photographer #photographylovers #travel #travelphotography #backpacking #spain #asturias #mist #clouds #storm #rain #forest #total_asturias #wanderlust"
117,"MAJESTIC ğŸ•Œ ğŸ“Œ

.
.
.

#solotravelÂ #bestplacetogoÂ #travelersÂ #luxuryhotels#exploretheworldÂ #instatripÂ #travelphoto#instavacationÂ #jerusalemÂ #infinitypoolÂ #welltravelled#instatravelingÂ #mytinyatlasÂ #wanderer#luxurytravelÂ #travellerÂ #luxuryhotelsÂ #travelling#holidayÂ #discoverearthÂ #backpackingÂ #hotel#beautifuldestinationsÂ #traveldiaries#travelphotographyÂ #instatravelÂ #photooftheday#beautifulhotelsÂ #tbt"
118,"small girl, big world ğŸŒ²â„ï¸ğŸ”ï¸"
119,"Those long summer nights donâ€™t seem to be too far away now! Would you go chase the midnight Sun in Norway this summer?â£
â£
ğŸ“Œ Norway ğŸ‡³ğŸ‡´ â£
â£
ğŸ“¸ @tomashavel â£
â£
âœ… Wanna get featured? Follow @hikingtheglobe and tag # hikingtheglobe in your posts!"
120,".
ê³°íƒ•ë§›ë„ë¦¬,
í˜„í’í• ë§¤ê³°íƒ•,
ìœ í‰ê³°íƒ•ë‚˜ì£¼ê³°íƒ•,
#ì„ì •í¬ê°€ë¶€ë¦…ë‹ˆë‹¤_ì§„ì§œì¼ë¦¬ì—†ì–´ 
.
.
.
#x100f .
#fujifilm .
.
.
#á„…á…¡á„‹á…£á„‹á…¢á†«á„‰á…µá„‹á…£ 
#ç™»å±± #ã‚­ãƒ£ãƒ³ãƒ— #ç§ã®å±±ãƒ•ã‚©ãƒˆ
#á„á…¢á†·á„‘á…µá†¼ #á„á…¢á†·á„‘á…µá†¼á„‰á…³á„á…¡á„€á…³á„…á…¢á†· #ë°±íŒ¨í‚¹ #ì‚° #ì˜ì•Œ
#íŠ¸ë ˆí‚¹ #í•˜ì´í‚¹ #ë°±íŒ¨ì»¤ #ë“±ì‚° #ê°€ì§€ì‚° 
#í›„ì§€í•„ë¦„_ë‚˜ì˜ì‚¬ì§„ì´ì•¼ê¸° #ì˜ë‚¨ì•Œí”„ìŠ¤ 
#backpacking #ultralightbackpacking"
121,"Itâ€™s almost 8 years since we quit the 9-5  life to travel the world, so I thought Iâ€™d share 8 important things Iâ€™ve learned along the way â¤ï¸

1. Planning helps you discover hidden gems, but booking makes you rigid. Allow for spontaneity and flexibility with your plans and donâ€™t book everything in advance. 

2. The connections you make on the road are deeper than you can imagine, and the people you meet understand you on a level that others canâ€™t understand ğŸ«¶ğŸ» if youâ€™re feeling like youâ€™ve not met your tribe yet, solo travel! 

3. You need a lot less than you think you do. All the clutter and *stuff* that comes with a â€˜settledâ€™ life loses meaning, and you realise you need very little to be happy ğŸ˜Š

4. Travelling together makes your relationship more solid. We had to adjust to travelling together, and now we have such a great flow with travel that I hate doing it without him! 

5.  You have to go with an open mind to get the true benefits of travel. Try as many new experiences as you can, talk to everyone, eat everything, and donâ€™t be afraid to look stupid or ask questions. Itâ€™s part of the process! 

6. Be able to say yes, no, hello, please, and thank you in the local language. It invites conversation and shows a willingness to learn about the culture! Think of how much youâ€™ll learn over the years â¤ï¸ 

7. Youâ€™ll only be nervous for a little bit, then your confidence will grow and youâ€™ll be unstoppable! 

8. Itâ€™s not as hard or expensive as you think. Your mind just like to worry too much! 

Travel will grow your mind, change your outlook / goals / ambitions, and introduce you to the best people â¤ï¸ Long term travellers, is there anything you would add? 

#travel #travelgoals #travelplanner #seasiatravel  #backpacking #backpacker #travelcouple #traveladvice"
122,"ğŸ©µ

#mayabay #thailand #phiphiisland #krabi #kohphiphi #phuket #phiphi #travel #phiphiislands #beach #amazingthailand #kohsamui #thailandia #thebeach #bangkok #thai #thailandtravel #railaybeach #kohphangan #phiphidon #krabithailand #paradise #travelphotography #ig #kohlipe #backpacking #visitthailand #mayabaybeach #bambooisland #mayabeach"
123,".
ë§¤ìš°ì´êµ­ì ì¸í’ê²½,
ìƒë‹¹íˆì´êµ­ì£¼ì ì¸í’ê²½,
ê·¸ê³³ì—ì„œë„ˆì™€ë‚˜ê·¸ë¦¬ê³ ë°”ì´í¬,
#ë§¤ì£¼ì´ëŸ°ê³³ë§Œì°¾ì•„ë‹¤ë‹ˆê³ ì‹¶ì€ì‚¬ëŒë“¤ 
.
.
.
#x100f .
#fujifilm .
.
.
#á„…á…¡á„‹á…£á„‹á…¢á†«á„‰á…µá„‹á…£ 
#ç™»å±± #ã‚­ãƒ£ãƒ³ãƒ— #ç§ã®å±±ãƒ•ã‚©ãƒˆ
#á„á…¢á†·á„‘á…µá†¼ #á„á…¢á†·á„‘á…µá†¼á„‰á…³á„á…¡á„€á…³á„…á…¢á†· #ë°±íŒ¨í‚¹ 
#ëª¨ìº  #f800gs #í—¬ë¦¬ë…¹ìŠ¤ 
#í›„ì§€í•„ë¦„_ë‚˜ì˜ì‚¬ì§„ì´ì•¼ê¸° 
#ë°±íŒ¨ì»¤ #íŠ¸ë˜í‚¹ #í›„ì§€í•„ë¦„ #ëª¨í† ìº í•‘ 
#í•˜ì´í‚¹ #ì•„ì›ƒë„ì–´ #backpacking 
#camphackå–æ #campzineæ²è¼‰å¸Œæœ›"
124,".
ì°¸ì¢‹ì•˜ë˜ìºë‚˜ë‹¤ë¬´ë“œ,
ì°©ì¥ë„ë§ˆìŒì—ë“¤ì—ˆëŠ”ë°,
ì™€ìë¸Œë¡œëŠ”ë†ë¶€ê°™ë‹¤ê³ í•¨,
#íŒŒë¨¸ë£©ë†ë¶€ë£©ìºë‚˜ë‹¤ë°”ì´ë¸Œì§± 
.
.
.
#x100f .
#fujifilm .
.
.
#á„…á…¡á„‹á…£á„‹á…¢á†«á„‰á…µá„‹á…£ 
#ç™»å±± #ã‚­ãƒ£ãƒ³ãƒ— #ç§ã®å±±ãƒ•ã‚©ãƒˆ
#á„á…¢á†·á„‘á…µá†¼ #á„á…¢á†·á„‘á…µá†¼á„‰á…³á„á…¡á„€á…³á„…á…¢á†· #ë°±íŒ¨í‚¹ 
#á„‹á…§á„’á…¢á†¼á„‹á…¦á„†á…µá„á…µá„ƒá…¡ #ëª¨ìº  #f800gs
#ìº í•‘ì—ë¯¸ì¹˜ë‹¤ #ì‚° #í›„ì§€í•„ë¦„_ë‚˜ì˜ì‚¬ì§„ì´ì•¼ê¸° 
#ë°±íŒ¨ì»¤ #íŠ¸ë˜í‚¹ #í›„ì§€í•„ë¦„ #ëª¨í† ìº í•‘ 
#í•˜ì´í‚¹ #ì•„ì›ƒë„ì–´ #backpacking 
#camphackå–æ #campzineæ²è¼‰å¸Œæœ›"
125,".
í•˜ì„í”Œë˜ë‹›ì¼€ì´ë¸Œ,
ì§„ì§œí¸í•˜ê³ ì´ì˜ê³ ì¢‹ì€ë°,
ë§ˆë””ë§ˆë””ë°”ëŒë‹¤ë¹ ì§,
#ìˆ˜ë¦¬ë§¡ê¸´ë‹¤í•œì§€1ë…„ì§¸ë°©ì¹˜ì¤‘ì•ˆíƒ€ê¹ë‹¤ 
.
.
.
#x100f .
#fujifilm .
.
.
#á„…á…¡á„‹á…£á„‹á…¢á†«á„‰á…µá„‹á…£ 
#ç™»å±± #ã‚­ãƒ£ãƒ³ãƒ— #ç§ã®å±±ãƒ•ã‚©ãƒˆ
#á„á…¢á†·á„‘á…µá†¼ #á„á…¢á†·á„‘á…µá†¼á„‰á…³á„á…¡á„€á…³á„…á…¢á†· #ë°±íŒ¨í‚¹ 
#á„€á…¡á†·á„‰á…¥á†¼á„á…¢á†·á„‘á…µá†¼ #ë“±ì‚° #í•˜ì„í”Œë˜ë‹› 
#ì‚° #í›„ì§€í•„ë¦„_ë‚˜ì˜ì‚¬ì§„ì´ì•¼ê¸° 
#ë°±íŒ¨ì»¤ #íŠ¸ë˜í‚¹ #í›„ì§€í•„ë¦„ #ë°±ë¦°ì´
#ì•„ì›ƒë„ì–´ #backpacking #heimplanet 
#camphackå–æ #campzineæ²è¼‰å¸Œæœ›"
126,"ğŸ“Gardens by the Bay

Singapore!

Probably one of the most incredible places Iâ€™ve ever visited! I felt like I had just stepped foot on the Avatar movie set! And the best part is that itâ€™s completely FREE to walk around here! 

Thereâ€™s also a free light show every evening, at 7.45pm and 8.45pm, which is an absolute MUST!! 

â€¢
â€¢
â€¢

#singapore #singaporetravel #travelsingapore #gardensbythebay #gardensbythebaysingapore #travel #backpacking #solotravel"
